Date,Last Price
21/05/1996,1.9057
20/05/1996,1.9049
17/05/1996,1.8895
16/05/1996,1.896
15/05/1996,1.8924
14/05/1996,1.8877
13/05/1996,1.8879
10/05/1996,1.8965
09/05/1996,1.9071
08/05/1996,1.9011
07/05/1996,1.8865
06/05/1996,1.8914
03/05/1996,1.8945
02/05/1996,1.8872
01/05/1996,1.8895
30/04/1996,1.9131
29/04/1996,1.9116
26/04/1996,1.9137
25/04/1996,1.911
24/04/1996,1.931
23/04/1996,1.918
22/04/1996,1.9203
19/04/1996,1.9263
18/04/1996,1.9394
17/04/1996,1.9183
16/04/1996,1.9195
15/04/1996,1.9074
12/04/1996,1.9111
11/04/1996,1.9115
10/04/1996,1.9211
09/04/1996,1.9357
08/04/1996,1.9503
05/04/1996,1.9503
04/04/1996,1.9559
03/04/1996,1.941
02/04/1996,1.9472
01/04/1996,1.9428
29/03/1996,1.9506
28/03/1996,1.9518
27/03/1996,1.945
26/03/1996,1.9696
25/03/1996,1.9687
22/03/1996,1.9769
21/03/1996,1.9754
20/03/1996,1.982
19/03/1996,1.9829
18/03/1996,1.977
15/03/1996,1.9752
14/03/1996,1.9728
13/03/1996,1.9656
12/03/1996,1.9805
11/03/1996,1.9837
08/03/1996,1.9824
07/03/1996,2.0048
06/03/1996,1.9985
05/03/1996,2.0147
04/03/1996,2.0116
01/03/1996,2.0076
29/02/1996,2.0033
28/02/1996,2.0054
27/02/1996,2.0301
26/02/1996,2.0308
23/02/1996,2.0337
22/02/1996,2.0459
21/02/1996,2.0497
20/02/1996,2.0487
19/02/1996,2.0508
16/02/1996,2.0541
15/02/1996,2.0356
14/02/1996,2.0427
13/02/1996,2.038
12/02/1996,2.0218
09/02/1996,2.0285
08/02/1996,2.0237
07/02/1996,2.0459
06/02/1996,2.0443
05/02/1996,2.0363
02/02/1996,2.0127
01/02/1996,2.0315
31/01/1996,2.0281
30/01/1996,2.021
29/01/1996,2.0333
26/01/1996,2.0404
25/01/1996,2.0388
24/01/1996,2.0482
23/01/1996,2.0589
22/01/1996,2.0641
19/01/1996,2.0508
18/01/1996,2.0519
17/01/1996,2.0552
16/01/1996,2.0588
15/01/1996,2.0791
12/01/1996,2.08
11/01/1996,2.0756
10/01/1996,2.0707
09/01/1996,2.0799
08/01/1996,2.0748
05/01/1996,2.0733
04/01/1996,2.0994
03/01/1996,2.0769
02/01/1996,2.0878
01/01/1996,2.0978
29/12/1995,2.0861
28/12/1995,2.0803
27/12/1995,2.0862
26/12/1995,2.1035
25/12/1995,2.0856
22/12/1995,2.0865
21/12/1995,2.0784
20/12/1995,2.0803
19/12/1995,2.078
18/12/1995,2.0847
15/12/1995,2.0697
14/12/1995,2.0889
13/12/1995,2.0617
12/12/1995,2.0693
11/12/1995,2.0837
08/12/1995,2.0816
07/12/1995,2.0783
06/12/1995,2.0843
05/12/1995,2.0881
04/12/1995,2.0756
01/12/1995,2.0717
30/11/1995,2.0619
29/11/1995,2.0494
28/11/1995,2.0604
27/11/1995,2.0846
24/11/1995,2.1089
23/11/1995,2.1094
22/11/1995,2.1113
21/11/1995,2.1001
20/11/1995,2.0868
17/11/1995,2.0816
16/11/1995,2.0983
15/11/1995,2.1169
14/11/1995,2.1079
13/11/1995,2.1055
10/11/1995,2.1241
09/11/1995,2.1419
08/11/1995,2.1084
07/11/1995,2.1103
06/11/1995,2.0956
03/11/1995,2.0824
02/11/1995,2.0835
01/11/1995,2.0755
31/10/1995,2.0799
30/10/1995,2.0733
27/10/1995,2.0903
26/10/1995,2.0963
25/10/1995,2.1068
24/10/1995,2.1117
23/10/1995,2.1139
20/10/1995,2.0955
19/10/1995,2.0975
18/10/1995,2.0793
17/10/1995,2.0845
16/10/1995,2.0724
13/10/1995,2.0756
12/10/1995,2.0729
11/10/1995,2.0612
10/10/1995,2.0722
09/10/1995,2.0746
06/10/1995,2.0796
05/10/1995,2.0906
04/10/1995,2.0745
03/10/1995,2.052
02/10/1995,2.0858
29/09/1995,2.0973
28/09/1995,2.0998
27/09/1995,2.1028
26/09/1995,2.0934
25/09/1995,2.0918
22/09/1995,2.1034
21/09/1995,2.128
20/09/1995,2.0526
19/09/1995,2.0336
18/09/1995,2.05
15/09/1995,2.0371
14/09/1995,2.0341
13/09/1995,2.0294
12/09/1995,2.0485
11/09/1995,2.054
08/09/1995,2.0612
07/09/1995,2.0617
06/09/1995,2.061
05/09/1995,2.0713
04/09/1995,2.0727
01/09/1995,2.0708
31/08/1995,2.0635
30/08/1995,2.0479
29/08/1995,2.0458
28/08/1995,2.0834
25/08/1995,2.0846
24/08/1995,2.0878
23/08/1995,2.0822
22/08/1995,2.0693
21/08/1995,2.0883
18/08/1995,2.0912
17/08/1995,2.1104
16/08/1995,2.1094
15/08/1995,2.1044
14/08/1995,2.1168
11/08/1995,2.1118
10/08/1995,2.1496
09/08/1995,2.1584
08/08/1995,2.1538
07/08/1995,2.1597
04/08/1995,2.1612
03/08/1995,2.1829
02/08/1995,2.1562
01/08/1995,2.1695
31/07/1995,2.1623
28/07/1995,2.1737
27/07/1995,2.1711
26/07/1995,2.1627
25/07/1995,2.1512
24/07/1995,2.157
21/07/1995,2.1736
20/07/1995,2.1699
19/07/1995,2.1837
18/07/1995,2.1716
17/07/1995,2.1694
14/07/1995,2.1818
13/07/1995,2.1834
12/07/1995,2.1999
11/07/1995,2.2045
10/07/1995,2.2307
07/07/1995,2.2294
06/07/1995,2.2444
05/07/1995,2.2436
04/07/1995,2.2499
03/07/1995,2.2551
30/06/1995,2.2463
29/06/1995,2.2369
28/06/1995,2.1981
27/06/1995,2.2196
26/06/1995,2.2042
23/06/1995,2.2267
22/06/1995,2.2161
21/06/1995,2.2198
20/06/1995,2.217
19/06/1995,2.2065
16/06/1995,2.2052
15/06/1995,2.1974
14/06/1995,2.2362
13/06/1995,2.2121
12/06/1995,2.2149
09/06/1995,2.2132
08/06/1995,2.2118
07/06/1995,2.2029
06/06/1995,2.2207
05/06/1995,2.2314
02/06/1995,2.2277
01/06/1995,2.2349
31/05/1995,2.2101
30/05/1995,2.2179
29/05/1995,2.2302
26/05/1995,2.2262
25/05/1995,2.2295
24/05/1995,2.1967
23/05/1995,2.1809
22/05/1995,2.1975
19/05/1995,2.1925
18/05/1995,2.2013
17/05/1995,2.1389
16/05/1995,2.1462
15/05/1995,2.1449
12/05/1995,2.1129
11/05/1995,2.1298
10/05/1995,2.1778
09/05/1995,2.177
08/05/1995,2.1755
05/05/1995,2.1463
04/05/1995,2.1809
03/05/1995,2.2039
02/05/1995,2.2172
01/05/1995,2.2165
28/04/1995,2.2144
27/04/1995,2.217
26/04/1995,2.2249
25/04/1995,2.2184
24/04/1995,2.2029
21/04/1995,2.2145
20/04/1995,2.1833
19/04/1995,2.1906
18/04/1995,2.1705
17/04/1995,2.182
14/04/1995,2.167
13/04/1995,2.175
12/04/1995,2.1441
11/04/1995,2.1488
10/04/1995,2.1563
07/04/1995,2.1753
06/04/1995,2.1747
05/04/1995,2.1701
04/04/1995,2.1891
03/04/1995,2.2079
31/03/1995,2.2076
30/03/1995,2.1961
29/03/1995,2.2277
28/03/1995,2.219
27/03/1995,2.1983
24/03/1995,2.1833
23/03/1995,2.1977
22/03/1995,2.1877
21/03/1995,2.1812
20/03/1995,2.1792
17/03/1995,2.1544
16/03/1995,2.1272
15/03/1995,2.1437
14/03/1995,2.1281
13/03/1995,2.1333
10/03/1995,2.1135
09/03/1995,2.1675
08/03/1995,2.1684
07/03/1995,2.2192
06/03/1995,2.1927
03/03/1995,2.213
02/03/1995,2.1927
01/03/1995,2.1607
28/02/1995,2.1434
27/02/1995,2.1365
24/02/1995,2.1516
23/02/1995,2.1628
22/02/1995,2.1477
21/02/1995,2.1328
20/02/1995,2.1396
17/02/1995,2.148
16/02/1995,2.1244
15/02/1995,2.0928
14/02/1995,2.0939
13/02/1995,2.1025
10/02/1995,2.1001
09/02/1995,2.0989
08/02/1995,2.0833
07/02/1995,2.0917
06/02/1995,2.0771
03/02/1995,2.0801
02/02/1995,2.0837
01/02/1995,2.0892
31/01/1995,2.0875
30/01/1995,2.0989
27/01/1995,2.0928
26/01/1995,2.0771
25/01/1995,2.079
24/01/1995,2.0719
23/01/1995,2.0734
20/01/1995,2.0654
19/01/1995,2.0645
18/01/1995,2.0622
17/01/1995,2.063
16/01/1995,2.0643
13/01/1995,2.0716
12/01/1995,2.0539
11/01/1995,2.0296
10/01/1995,2.0348
09/01/1995,2.0486
06/01/1995,2.0259
05/01/1995,2.0326
04/01/1995,2.0299
03/01/1995,2.0332
02/01/1995,2.0094
30/12/1994,2.0181
29/12/1994,2.0064
28/12/1994,2.0225
27/12/1994,1.9966
26/12/1994,1.9859
23/12/1994,1.99
22/12/1994,1.9968
21/12/1994,1.9876
20/12/1994,2.0106
19/12/1994,2.0109
16/12/1994,2.0133
15/12/1994,2.0099
14/12/1994,2.0132
13/12/1994,2.0118
12/12/1994,2.0213
09/12/1994,2.015
08/12/1994,2.0184
07/12/1994,2.035
06/12/1994,2.0247
05/12/1994,2.0233
02/12/1994,2.0243
01/12/1994,2.0426
30/11/1994,2.0351
29/11/1994,2.0459
28/11/1994,2.048
25/11/1994,2.058
24/11/1994,2.0583
23/11/1994,2.0641
22/11/1994,2.0598
21/11/1994,2.0577
18/11/1994,2.0662
17/11/1994,2.0842
16/11/1994,2.0933
15/11/1994,2.0921
14/11/1994,2.1141
11/11/1994,2.12
10/11/1994,2.1207
09/11/1994,2.1277
08/11/1994,2.1493
07/11/1994,2.1436
04/11/1994,2.1505
03/11/1994,2.1777
02/11/1994,2.1842
01/11/1994,2.2091
31/10/1994,2.2025
28/10/1994,2.187
27/10/1994,2.2005
26/10/1994,2.2053
25/10/1994,2.2187
24/10/1994,2.2187
21/10/1994,2.2211
20/10/1994,2.2284
19/10/1994,2.2022
18/10/1994,2.1883
17/10/1994,2.1875
14/10/1994,2.1684
13/10/1994,2.1596
12/10/1994,2.1498
11/10/1994,2.1477
10/10/1994,2.1464
07/10/1994,2.149
06/10/1994,2.1529
05/10/1994,2.1445
04/10/1994,2.1387
03/10/1994,2.132
30/09/1994,2.1313
29/09/1994,2.1332
28/09/1994,2.1292
27/09/1994,2.1358
26/09/1994,2.1241
23/09/1994,2.1237
22/09/1994,2.1404
21/09/1994,2.1498
20/09/1994,2.1216
19/09/1994,2.1135
16/09/1994,2.1187
15/09/1994,2.1019
14/09/1994,2.1098
13/09/1994,2.1021
12/09/1994,2.1126
09/09/1994,2.0832
08/09/1994,2.0701
07/09/1994,2.076
06/09/1994,2.0942
05/09/1994,2.0889
02/09/1994,2.0866
01/09/1994,2.0803
31/08/1994,2.065
30/08/1994,2.061
29/08/1994,2.0653
26/08/1994,2.0576
25/08/1994,2.0925
24/08/1994,2.0901
23/08/1994,2.1159
22/08/1994,2.1217
19/08/1994,2.0961
18/08/1994,2.0905
17/08/1994,2.09
16/08/1994,2.0681
15/08/1994,2.0831
12/08/1994,2.0882
11/08/1994,2.0739
10/08/1994,2.0686
09/08/1994,2.0755
08/08/1994,2.0804
05/08/1994,2.0756
04/08/1994,2.0856
03/08/1994,2.1126
02/08/1994,2.097
01/08/1994,2.0806
29/07/1994,2.0879
28/07/1994,2.0668
27/07/1994,2.0729
26/07/1994,2.051
25/07/1994,2.057
22/07/1994,2.0503
21/07/1994,2.0678
20/07/1994,2.0993
19/07/1994,2.1044
18/07/1994,2.1352
15/07/1994,2.1306
14/07/1994,2.1204
13/07/1994,2.1192
12/07/1994,2.1301
11/07/1994,2.1337
08/07/1994,2.1126
07/07/1994,2.1231
06/07/1994,2.1149
05/07/1994,2.1339
04/07/1994,2.1091
01/07/1994,2.1025
30/06/1994,2.1198
29/06/1994,2.1226
28/06/1994,2.1465
27/06/1994,2.1341
24/06/1994,2.1318
23/06/1994,2.1016
22/06/1994,2.0796
21/06/1994,2.0686
20/06/1994,2.083
17/06/1994,2.0905
16/06/1994,2.0776
15/06/1994,2.0814
14/06/1994,2.0819
13/06/1994,2.0695
10/06/1994,2.0529
09/06/1994,2.056
08/06/1994,2.0579
07/06/1994,2.0564
06/06/1994,2.0542
03/06/1994,2.0405
02/06/1994,2.0474
01/06/1994,2.0518
31/05/1994,2.0503
30/05/1994,2.0553
27/05/1994,2.0579
26/05/1994,2.0608
25/05/1994,2.0554
24/05/1994,2.0501
23/05/1994,2.0544
20/05/1994,2.0668
19/05/1994,2.0707
18/05/1994,2.0695
17/05/1994,2.0639
16/05/1994,2.0686
13/05/1994,2.076
12/05/1994,2.0876
11/05/1994,2.0774
10/05/1994,2.0565
09/05/1994,2.0803
06/05/1994,2.0843
05/05/1994,2.0891
04/05/1994,2.1079
03/05/1994,2.1501
02/05/1994,2.1276
29/04/1994,2.1223
28/04/1994,2.1255
27/04/1994,2.1025
26/04/1994,2.0965
25/04/1994,2.0802
22/04/1994,2.0715
21/04/1994,2.0822
20/04/1994,2.0968
19/04/1994,2.0722
18/04/1994,2.0596
15/04/1994,2.0337
14/04/1994,2.0467
13/04/1994,2.0463
12/04/1994,2.0476
11/04/1994,2.0382
08/04/1994,2.0371
07/04/1994,2.0534
06/04/1994,2.0761
05/04/1994,2.0779
04/04/1994,2.0809
01/04/1994,2.086
31/03/1994,2.1065
30/03/1994,2.1089
29/03/1994,2.1117
28/03/1994,2.1054
25/03/1994,2.1054
24/03/1994,2.1217
23/03/1994,2.1031
22/03/1994,2.0938
21/03/1994,2.1039
18/03/1994,2.0924
17/03/1994,2.0974
16/03/1994,2.0914
15/03/1994,2.0763
14/03/1994,2.0818
11/03/1994,2.0992
10/03/1994,2.1272
09/03/1994,2.0921
08/03/1994,2.0774
07/03/1994,2.0784
04/03/1994,2.0823
03/03/1994,2.1155
02/03/1994,2.1135
01/03/1994,2.1003
28/02/1994,2.082
25/02/1994,2.0701
24/02/1994,2.0518
23/02/1994,2.0412
22/02/1994,2.0441
21/02/1994,2.0579
18/02/1994,2.0711
17/02/1994,2.0617
16/02/1994,2.0699
15/02/1994,2.0725
14/02/1994,2.1005
11/02/1994,2.0389
10/02/1994,2.0374
09/02/1994,2.0325
08/02/1994,2.047
07/02/1994,2.0734
04/02/1994,2.0773
03/02/1994,2.0814
02/02/1994,2.09
01/02/1994,2.0977
31/01/1994,2.1269
28/01/1994,2.1075
27/01/1994,2.1222
26/01/1994,2.1114
25/01/1994,2.1124
24/01/1994,2.1263
21/01/1994,2.1244
20/01/1994,2.1285
19/01/1994,2.1303
18/01/1994,2.1466
17/01/1994,2.1478
14/01/1994,2.166
13/01/1994,2.1647
12/01/1994,2.1737
11/01/1994,2.1609
10/01/1994,2.1716
07/01/1994,2.1733
06/01/1994,2.1624
05/01/1994,2.1706
04/01/1994,2.1703
03/01/1994,2.1526
31/12/1993,2.175
30/12/1993,2.184
29/12/1993,2.1903
28/12/1993,2.2248
27/12/1993,2.2172
24/12/1993,2.2141
23/12/1993,2.2157
22/12/1993,2.2011
21/12/1993,2.1914
20/12/1993,2.1891
17/12/1993,2.1964
16/12/1993,2.2065
15/12/1993,2.1878
14/12/1993,2.2125
13/12/1993,2.221
10/12/1993,2.2278
09/12/1993,2.2264
08/12/1993,2.2209
07/12/1993,2.2383
06/12/1993,2.2428
03/12/1993,2.2287
02/12/1993,2.2205
01/12/1993,2.2469
30/11/1993,2.2533
29/11/1993,2.2674
26/11/1993,2.2322
25/11/1993,2.2373
24/11/1993,2.2397
23/11/1993,2.24
22/11/1993,2.228
19/11/1993,2.2226
18/11/1993,2.2381
17/11/1993,2.2312
16/11/1993,2.2452
15/11/1993,2.2667
12/11/1993,2.2631
11/11/1993,2.235
10/11/1993,2.2274
09/11/1993,2.2027
08/11/1993,2.2211
05/11/1993,2.1959
04/11/1993,2.1965
03/11/1993,2.1953
02/11/1993,2.1902
01/11/1993,2.1964
29/10/1993,2.2205
28/10/1993,2.2355
27/10/1993,2.2238
26/10/1993,2.2204
25/10/1993,2.2098
22/10/1993,2.1982
21/10/1993,2.2125
20/10/1993,2.2322
19/10/1993,2.2398
18/10/1993,2.2489
15/10/1993,2.2941
14/10/1993,2.2822
13/10/1993,2.2988
12/10/1993,2.316
11/10/1993,2.3169
08/10/1993,2.3289
07/10/1993,2.3266
06/10/1993,2.3318
05/10/1993,2.3476
04/10/1993,2.3471
01/10/1993,2.3261
30/09/1993,2.3158
29/09/1993,2.3395
28/09/1993,2.3361
27/09/1993,2.3317
24/09/1993,2.3038
23/09/1993,2.2989
22/09/1993,2.3162
21/09/1993,2.3072
20/09/1993,2.3582
17/09/1993,2.3484
16/09/1993,2.3533
15/09/1993,2.3849
14/09/1993,2.3953
13/09/1993,2.3733
10/09/1993,2.4239
09/09/1993,2.3661
08/09/1993,2.3436
07/09/1993,2.3641
06/09/1993,2.3548
03/09/1993,2.3606
02/09/1993,2.29
01/09/1993,2.2559
31/08/1993,2.216
30/08/1993,2.2264
27/08/1993,2.258
26/08/1993,2.2575
25/08/1993,2.1988
24/08/1993,2.2385
23/08/1993,2.2564
20/08/1993,2.2391
19/08/1993,2.211
18/08/1993,2.2437
17/08/1993,2.2105
16/08/1993,2.1937
13/08/1993,2.1566
12/08/1993,2.1686
11/08/1993,2.156
10/08/1993,2.1375
09/08/1993,2.1869
06/08/1993,2.2009
05/08/1993,2.1939
04/08/1993,2.181
03/08/1993,2.1755
02/08/1993,2.1708
30/07/1993,2.1486
29/07/1993,2.1723
28/07/1993,2.2093
27/07/1993,2.1977
26/07/1993,2.2108
23/07/1993,2.2138
22/07/1993,2.2415
21/07/1993,2.2362
20/07/1993,2.2257
19/07/1993,2.2049
16/07/1993,2.1877
15/07/1993,2.187
14/07/1993,2.2222
13/07/1993,2.2117
12/07/1993,2.1726
09/07/1993,2.1748
08/07/1993,2.185
07/07/1993,2.1983
06/07/1993,2.2175
05/07/1993,2.2307
02/07/1993,2.2448
01/07/1993,2.264
30/06/1993,2.2411
29/06/1993,2.2599
28/06/1993,2.2407
25/06/1993,2.2012
24/06/1993,2.2015
23/06/1993,2.1837
22/06/1993,2.1632
21/06/1993,2.1724
18/06/1993,2.2118
17/06/1993,2.2525
16/06/1993,2.2248
15/06/1993,2.2391
14/06/1993,2.2668
11/06/1993,2.2399
10/06/1993,2.2648
09/06/1993,2.2433
08/06/1993,2.2694
07/06/1993,2.2667
04/06/1993,2.2336
03/06/1993,2.2796
02/06/1993,2.2762
01/06/1993,2.2935
31/05/1993,2.3036
28/05/1993,2.2716
27/05/1993,2.253
26/05/1993,2.2146
25/05/1993,2.2027
24/05/1993,2.2114
21/05/1993,2.2181
20/05/1993,2.2374
19/05/1993,2.2308
18/05/1993,2.2197
17/05/1993,2.1895
14/05/1993,2.1883
13/05/1993,2.1648
12/05/1993,2.1836
11/05/1993,2.1929
10/05/1993,2.1822
07/05/1993,2.2135
06/05/1993,2.2422
05/05/1993,2.2287
04/05/1993,2.2442
03/05/1993,2.2151
30/04/1993,2.2254
29/04/1993,2.2154
28/04/1993,2.2046
27/04/1993,2.2038
26/04/1993,2.1997
23/04/1993,2.2031
22/04/1993,2.1958
21/04/1993,2.1537
20/04/1993,2.1609
19/04/1993,2.1473
16/04/1993,2.1274
15/04/1993,2.1371
14/04/1993,2.1531
13/04/1993,2.1706
12/04/1993,2.174
09/04/1993,2.1559
08/04/1993,2.153
07/04/1993,2.1408
06/04/1993,2.1432
05/04/1993,2.1638
02/04/1993,2.1832
01/04/1993,2.1975
31/03/1993,2.1467
30/03/1993,2.0983
29/03/1993,2.1114
26/03/1993,2.0999
25/03/1993,2.0776
24/03/1993,2.0912
23/03/1993,2.105
22/03/1993,2.0848
19/03/1993,2.0801
18/03/1993,2.0781
17/03/1993,2.048
16/03/1993,2.0459
15/03/1993,2.0411
12/03/1993,2.0159
11/03/1993,2.025
10/03/1993,2.0339
09/03/1993,2.0491
08/03/1993,2.0442
05/03/1993,2.043
04/03/1993,2.0388
03/03/1993,2.0516
02/03/1993,2.0439
01/03/1993,2.041
26/02/1993,2.0505
25/02/1993,2.0409
24/02/1993,2.0573
23/02/1993,2.0795
22/02/1993,2.1074
19/02/1993,2.1036
18/02/1993,2.104
17/02/1993,2.1053
16/02/1993,2.1131
15/02/1993,2.0935
12/02/1993,2.0972
11/02/1993,2.0896
10/02/1993,2.1185
09/02/1993,2.1384
08/02/1993,2.1447
05/02/1993,2.1409
04/02/1993,2.1171
03/02/1993,2.1158
02/02/1993,2.1236
01/02/1993,2.1635
29/01/1993,2.1848
28/01/1993,2.2285
27/01/1993,2.2412
26/01/1993,2.2756
25/01/1993,2.3159
22/01/1993,2.2734
21/01/1993,2.267
20/01/1993,2.3076
19/01/1993,2.3035
18/01/1993,2.2943
15/01/1993,2.2725
14/01/1993,2.2924
13/01/1993,2.3172
12/01/1993,2.2962
11/01/1993,2.3066
08/01/1993,2.2743
07/01/1993,2.2883
06/01/1993,2.2981
05/01/1993,2.2974
04/01/1993,2.2025
01/01/1993,2.1907
31/12/1992,2.1907
30/12/1992,2.1921
29/12/1992,2.1908
28/12/1992,2.1709
25/12/1992,2.1978
24/12/1992,2.2123
23/12/1992,2.2114
22/12/1992,2.2256
21/12/1992,2.25
18/12/1992,2.2615
17/12/1992,2.287
16/12/1992,2.2813
15/12/1992,2.2736
14/12/1992,2.2771
11/12/1992,2.2525
10/12/1992,2.2561
09/12/1992,2.2573
08/12/1992,2.3099
07/12/1992,2.3064
04/12/1992,2.2495
03/12/1992,2.2473
02/12/1992,2.2659
01/12/1992,2.2634
30/11/1992,2.2229
27/11/1992,2.2045
26/11/1992,2.2145
25/11/1992,2.2189
24/11/1992,2.2244
23/11/1992,2.2295
20/11/1992,2.2064
19/11/1992,2.2474
18/11/1992,2.2183
17/11/1992,2.2202
16/11/1992,2.2158
13/11/1992,2.2404
12/11/1992,2.1993
11/11/1992,2.2067
10/11/1992,2.1946
09/11/1992,2.1753
06/11/1992,2.1824
05/11/1992,2.2012
04/11/1992,2.233
03/11/1992,2.2292
02/11/1992,2.2105
30/10/1992,2.2399
29/10/1992,2.2627
28/10/1992,2.2581
27/10/1992,2.2417
26/10/1992,2.2214
23/10/1992,2.2596
22/10/1992,2.2537
21/10/1992,2.2396
20/10/1992,2.2696
19/10/1992,2.2622
16/10/1992,2.2974
15/10/1992,2.3455
14/10/1992,2.3602
13/10/1992,2.3754
12/10/1992,2.3731
09/10/1992,2.361
08/10/1992,2.3415
07/10/1992,2.3809
06/10/1992,2.3717
05/10/1992,2.3568
02/10/1992,2.4259
01/10/1992,2.4275
30/09/1992,2.492
29/09/1992,2.4972
28/09/1992,2.4234
25/09/1992,2.3671
24/09/1992,2.3622
23/09/1992,2.3812
22/09/1992,2.3468
21/09/1992,2.3533
18/09/1992,2.368
17/09/1992,2.4334
16/09/1992,2.4456
15/09/1992,2.5428
14/09/1992,2.5733
11/09/1992,2.6455
10/09/1992,2.7353
09/09/1992,2.7411
08/09/1992,2.8115
07/09/1992,2.7772
04/09/1992,2.7842
03/09/1992,2.7513
02/09/1992,2.7915
01/09/1992,2.7918
31/08/1992,2.7794
28/08/1992,2.7602
27/08/1992,2.7631
26/08/1992,2.7723
25/08/1992,2.8015
24/08/1992,2.7852
21/08/1992,2.7144
20/08/1992,2.6872
19/08/1992,2.6694
18/08/1992,2.6751
17/08/1992,2.6605
14/08/1992,2.6663
13/08/1992,2.6943
12/08/1992,2.6984
11/08/1992,2.649
10/08/1992,2.6192
07/08/1992,2.6167
06/08/1992,2.5982
05/08/1992,2.5883
04/08/1992,2.5878
03/08/1992,2.5859
31/07/1992,2.5904
30/07/1992,2.588
29/07/1992,2.5862
28/07/1992,2.5946
27/07/1992,2.5757
24/07/1992,2.5389
23/07/1992,2.5618
22/07/1992,2.5492
21/07/1992,2.5539
20/07/1992,2.557
17/07/1992,2.6223
16/07/1992,2.6048
15/07/1992,2.5851
14/07/1992,2.5675
13/07/1992,2.5868
10/07/1992,2.5764
09/07/1992,2.5533
08/07/1992,2.5806
07/07/1992,2.6047
06/07/1992,2.5671
03/07/1992,2.5659
02/07/1992,2.5912
01/07/1992,2.5505
30/06/1992,2.5496
29/06/1992,2.5488
26/06/1992,2.5389
25/06/1992,2.5303
24/06/1992,2.4987
23/06/1992,2.4794
22/06/1992,2.4758
19/06/1992,2.4741
18/06/1992,2.4642
17/06/1992,2.4635
16/06/1992,2.4758
15/06/1992,2.4669
12/06/1992,2.435
11/06/1992,2.4276
10/06/1992,2.4107
09/06/1992,2.4053
08/06/1992,2.3999
05/06/1992,2.4031
04/06/1992,2.3958
03/06/1992,2.3829
02/06/1992,2.3905
01/06/1992,2.4111
29/05/1992,2.4145
28/05/1992,2.3812
27/05/1992,2.3688
26/05/1992,2.403
25/05/1992,2.396
22/05/1992,2.3994
21/05/1992,2.3955
20/05/1992,2.4243
19/05/1992,2.4241
18/05/1992,2.4155
15/05/1992,2.4069
14/05/1992,2.4062
13/05/1992,2.4231
12/05/1992,2.4101
11/05/1992,2.3886
08/05/1992,2.3783
07/05/1992,2.3756
06/05/1992,2.3809
05/05/1992,2.3561
04/05/1992,2.3499
01/05/1992,2.3592
30/04/1992,2.3485
29/04/1992,2.3328
28/04/1992,2.3514
27/04/1992,2.3533
24/04/1992,2.3484
23/04/1992,2.3325
22/04/1992,2.3019
21/04/1992,2.2867
20/04/1992,2.2758
17/04/1992,2.276
16/04/1992,2.2767
15/04/1992,2.2966
14/04/1992,2.2999
13/04/1992,2.3043
10/04/1992,2.3109
09/04/1992,2.3107
08/04/1992,2.3058
07/04/1992,2.2925
06/04/1992,2.2926
03/04/1992,2.2811
02/04/1992,2.2554
01/04/1992,2.2497
31/03/1992,2.2535
30/03/1992,2.2612
27/03/1992,2.2743
26/03/1992,2.2571
25/03/1992,2.267
24/03/1992,2.2579
23/03/1992,2.2592
20/03/1992,2.2558
19/03/1992,2.2505
18/03/1992,2.2729
17/03/1992,2.2826
16/03/1992,2.2812
13/03/1992,2.2605
12/03/1992,2.2728
11/03/1992,2.2884
10/03/1992,2.2697
09/03/1992,2.277
06/03/1992,2.2745
05/03/1992,2.2715
04/03/1992,2.2846
03/03/1992,2.3083
02/03/1992,2.3295
28/02/1992,2.3281
27/02/1992,2.3387
26/02/1992,2.335
25/02/1992,2.3108
24/02/1992,2.3262
21/02/1992,2.3215
20/02/1992,2.3158
19/02/1992,2.318
18/02/1992,2.3232
17/02/1992,2.3484
14/02/1992,2.3438
13/02/1992,2.3493
12/02/1992,2.3736
11/02/1992,2.3951
10/02/1992,2.4308
07/02/1992,2.4527
06/02/1992,2.4428
05/02/1992,2.4337
04/02/1992,2.4101
03/02/1992,2.3895
31/01/1992,2.3805
30/01/1992,2.3802
29/01/1992,2.4118
28/01/1992,2.4017
27/01/1992,2.4082
24/01/1992,2.4211
23/01/1992,2.397
22/01/1992,2.3944
21/01/1992,2.4022
20/01/1992,2.3881
17/01/1992,2.4179
16/01/1992,2.367
15/01/1992,2.3503
14/01/1992,2.3961
13/01/1992,2.4243
10/01/1992,2.4147
09/01/1992,2.4359
08/01/1992,2.4864
07/01/1992,2.4832
06/01/1992,2.4695
03/01/1992,2.4393
02/01/1992,2.4655
01/01/1992,2.4543
31/12/1991,2.4543
30/12/1991,2.4536
27/12/1991,2.4613
26/12/1991,2.4771
25/12/1991,2.4757
24/12/1991,2.4625
23/12/1991,2.4806
20/12/1991,2.4309
19/12/1991,2.3802
18/12/1991,2.3637
17/12/1991,2.3627
16/12/1991,2.3615
13/12/1991,2.3613
12/12/1991,2.3422
11/12/1991,2.3462
10/12/1991,2.3349
09/12/1991,2.3428
06/12/1991,2.3337
05/12/1991,2.302
04/12/1991,2.2705
03/12/1991,2.2644
02/12/1991,2.262
29/11/1991,2.2527
28/11/1991,2.2567
27/11/1991,2.2461
26/11/1991,2.2486
25/11/1991,2.2683
22/11/1991,2.271
21/11/1991,2.2668
20/11/1991,2.2743
19/11/1991,2.2848
18/11/1991,2.2777
15/11/1991,2.2701
14/11/1991,2.2581
13/11/1991,2.2585
12/11/1991,2.2527
11/11/1991,2.2569
08/11/1991,2.2507
07/11/1991,2.2598
06/11/1991,2.2611
05/11/1991,2.2708
04/11/1991,2.2628
01/11/1991,2.2635
31/10/1991,2.2201
30/10/1991,2.2275
29/10/1991,2.1905
28/10/1991,2.1586
25/10/1991,2.1813
24/10/1991,2.1767
23/10/1991,2.1728
22/10/1991,2.1596
21/10/1991,2.1555
18/10/1991,2.1603
17/10/1991,2.1528
16/10/1991,2.1444
15/10/1991,2.1291
14/10/1991,2.1463
11/10/1991,2.1639
10/10/1991,2.1592
09/10/1991,2.1659
08/10/1991,2.1465
07/10/1991,2.1803
04/10/1991,2.1928
03/10/1991,2.2013
02/10/1991,2.1909
01/10/1991,2.1952
30/09/1991,2.1956
27/09/1991,2.1895
26/09/1991,2.1864
25/09/1991,2.1805
24/09/1991,2.1634
23/09/1991,2.1779
20/09/1991,2.1697
19/09/1991,2.1537
18/09/1991,2.164
17/09/1991,2.1782
16/09/1991,2.1867
13/09/1991,2.1725
12/09/1991,2.1738
11/09/1991,2.1945
10/09/1991,2.1953
09/09/1991,2.1895
06/09/1991,2.1775
05/09/1991,2.1517
04/09/1991,2.1527
03/09/1991,2.1642
02/09/1991,2.15
30/08/1991,2.1426
29/08/1991,2.1417
28/08/1991,2.1383
27/08/1991,2.1351
26/08/1991,2.1368
23/08/1991,2.1269
22/08/1991,2.1488
21/08/1991,2.1507
20/08/1991,2.1024
19/08/1991,2.0886
16/08/1991,2.1279
15/08/1991,2.1439
14/08/1991,2.1509
13/08/1991,2.1566
12/08/1991,2.1629
09/08/1991,2.1562
08/08/1991,2.1747
07/08/1991,2.1865
06/08/1991,2.1871
05/08/1991,2.1936
02/08/1991,2.1646
01/08/1991,2.1531
31/07/1991,2.1687
30/07/1991,2.1487
29/07/1991,2.1671
26/07/1991,2.1739
25/07/1991,2.1738
24/07/1991,2.1803
23/07/1991,2.1636
22/07/1991,2.1671
19/07/1991,2.1742
18/07/1991,2.1531
17/07/1991,2.1236
16/07/1991,2.1125
15/07/1991,2.1288
12/07/1991,2.1345
11/07/1991,2.0867
10/07/1991,2.1106
09/07/1991,2.1158
08/07/1991,2.1283
05/07/1991,2.1121
04/07/1991,2.103
03/07/1991,2.1007
02/07/1991,2.0937
01/07/1991,2.1058
28/06/1991,2.114
27/06/1991,2.1284
26/06/1991,2.1349
25/06/1991,2.1265
24/06/1991,2.1481
21/06/1991,2.1226
20/06/1991,2.1359
19/06/1991,2.1387
18/06/1991,2.1086
17/06/1991,2.1275
14/06/1991,2.1673
13/06/1991,2.1703
12/06/1991,2.1788
11/06/1991,2.2013
10/06/1991,2.2154
07/06/1991,2.2243
06/06/1991,2.2504
05/06/1991,2.2619
04/06/1991,2.2259
03/06/1991,2.2379
31/05/1991,2.2352
30/05/1991,2.2628
29/05/1991,2.2692
28/05/1991,2.2977
27/05/1991,2.2954
24/05/1991,2.2791
23/05/1991,2.2902
22/05/1991,2.2637
21/05/1991,2.2357
20/05/1991,2.1932
17/05/1991,2.1927
16/05/1991,2.2328
15/05/1991,2.2372
14/05/1991,2.24
13/05/1991,2.2266
10/05/1991,2.1954
09/05/1991,2.194
08/05/1991,2.1939
07/05/1991,2.2115
06/05/1991,2.1884
03/05/1991,2.1796
02/05/1991,2.2097
01/05/1991,2.2125
30/04/1991,2.2021
29/04/1991,2.1804
26/04/1991,2.1691
25/04/1991,2.1774
24/04/1991,2.1873
23/04/1991,2.1967
22/04/1991,2.201
19/04/1991,2.2245
18/04/1991,2.256
17/04/1991,2.2952
16/04/1991,2.2992
15/04/1991,2.2964
12/04/1991,2.2629
11/04/1991,2.2841
10/04/1991,2.2538
09/04/1991,2.2749
08/04/1991,2.2436
05/04/1991,2.2487
04/04/1991,2.2816
03/04/1991,2.272
02/04/1991,2.297
01/04/1991,2.2822
29/03/1991,2.2521
28/03/1991,2.2441
27/03/1991,2.2448
26/03/1991,2.2563
25/03/1991,2.2607
22/03/1991,2.31
21/03/1991,2.3232
20/03/1991,2.3226
19/03/1991,2.3002
18/03/1991,2.3298
15/03/1991,2.3647
14/03/1991,2.4086
13/03/1991,2.4032
12/03/1991,2.4161
11/03/1991,2.4045
08/03/1991,2.4255
07/03/1991,2.458
06/03/1991,2.4643
05/03/1991,2.4508
04/03/1991,2.4342
01/03/1991,2.4076
28/02/1991,2.4286
27/02/1991,2.4418
26/02/1991,2.4447
25/02/1991,2.4569
22/02/1991,2.4739
21/02/1991,2.4819
20/02/1991,2.469
19/02/1991,2.4756
18/02/1991,2.4808
15/02/1991,2.4971
14/02/1991,2.514
13/02/1991,2.5162
12/02/1991,2.5262
11/02/1991,2.5635
08/02/1991,2.5493
07/02/1991,2.5508
06/02/1991,2.5705
05/02/1991,2.5584
04/02/1991,2.5316
01/02/1991,2.5178
31/01/1991,2.5067
30/01/1991,2.4972
29/01/1991,2.4952
28/01/1991,2.5048
25/01/1991,2.5148
24/01/1991,2.5112
23/01/1991,2.4946
22/01/1991,2.4821
21/01/1991,2.5131
18/01/1991,2.4786
17/01/1991,2.4712
16/01/1991,2.4155
15/01/1991,2.4219
14/01/1991,2.4448
11/01/1991,2.4603
10/01/1991,2.4687
09/01/1991,2.4409
08/01/1991,2.4351
07/01/1991,2.4451
04/01/1991,2.4852
03/01/1991,2.5006
02/01/1991,2.5114
01/01/1991,2.5016
31/12/1990,2.5016
28/12/1990,2.4961
27/12/1990,2.4633
26/12/1990,2.4268
25/12/1990,2.4194
24/12/1990,2.4187
21/12/1990,2.4519
20/12/1990,2.4464
19/12/1990,2.5014
18/12/1990,2.5123
17/12/1990,2.5163
14/12/1990,2.5189
13/12/1990,2.5639
12/12/1990,2.5352
11/12/1990,2.5228
10/12/1990,2.5306
07/12/1990,2.5201
06/12/1990,2.5169
05/12/1990,2.5069
04/12/1990,2.4814
03/12/1990,2.4672
30/11/1990,2.5147
29/11/1990,2.5211
28/11/1990,2.5575
27/11/1990,2.577
26/11/1990,2.5665
23/11/1990,2.5658
22/11/1990,2.5618
21/11/1990,2.5782
20/11/1990,2.5639
19/11/1990,2.5794
16/11/1990,2.5533
15/11/1990,2.5356
14/11/1990,2.5442
13/11/1990,2.5382
12/11/1990,2.5222
09/11/1990,2.5228
08/11/1990,2.5234
07/11/1990,2.5319
06/11/1990,2.4981
05/11/1990,2.5227
02/11/1990,2.5258
01/11/1990,2.4793
31/10/1990,2.4717
30/10/1990,2.5013
29/10/1990,2.4902
26/10/1990,2.5016
25/10/1990,2.4952
24/10/1990,2.5074
23/10/1990,2.5077
22/10/1990,2.4907
19/10/1990,2.5019
18/10/1990,2.5587
17/10/1990,2.5206
16/10/1990,2.4978
15/10/1990,2.4662
12/10/1990,2.409
11/10/1990,2.4249
10/10/1990,2.3848
09/10/1990,2.3547
08/10/1990,2.3582
05/10/1990,2.3426
04/10/1990,2.2981
03/10/1990,2.3077
02/10/1990,2.2821
01/10/1990,2.2685
28/09/1990,2.2732
27/09/1990,2.2721
26/09/1990,2.2514
25/09/1990,2.2477
24/09/1990,2.2592
21/09/1990,2.2307
20/09/1990,2.2634
19/09/1990,2.267
18/09/1990,2.3025
17/09/1990,2.2989
14/09/1990,2.293
13/09/1990,2.2783
12/09/1990,2.268
11/09/1990,2.2694
10/09/1990,2.2852
07/09/1990,2.3174
06/09/1990,2.3179
05/09/1990,2.3079
04/09/1990,2.3018
03/09/1990,2.2974
31/08/1990,2.3266
30/08/1990,2.3542
29/08/1990,2.3343
28/08/1990,2.3418
27/08/1990,2.3179
24/08/1990,2.3309
23/08/1990,2.3363
22/08/1990,2.3404
21/08/1990,2.3483
20/08/1990,2.3671
17/08/1990,2.3762
16/08/1990,2.3691
15/08/1990,2.3513
14/08/1990,2.342
13/08/1990,2.3429
10/08/1990,2.3481
09/08/1990,2.3329
08/08/1990,2.3514
07/08/1990,2.3629
06/08/1990,2.3709
03/08/1990,2.3651
02/08/1990,2.3637
01/08/1990,2.3361
31/07/1990,2.3387
30/07/1990,2.3281
27/07/1990,2.3266
26/07/1990,2.3225
25/07/1990,2.3094
24/07/1990,2.3039
23/07/1990,2.3408
20/07/1990,2.3101
19/07/1990,2.3178
18/07/1990,2.3342
17/07/1990,2.284
16/07/1990,2.296
13/07/1990,2.3085
12/07/1990,2.2758
11/07/1990,2.25
10/07/1990,2.2615
09/07/1990,2.2457
06/07/1990,2.2388
05/07/1990,2.2301
04/07/1990,2.2193
03/07/1990,2.2253
02/07/1990,2.2252
29/06/1990,2.2
28/06/1990,2.2071
27/06/1990,2.2169
26/06/1990,2.2123
25/06/1990,2.2074
22/06/1990,2.1992
21/06/1990,2.1751
20/06/1990,2.1948
19/06/1990,2.1928
18/06/1990,2.1974
15/06/1990,2.1991
14/06/1990,2.2037
13/06/1990,2.2127
12/06/1990,2.203
11/06/1990,2.1895
08/06/1990,2.179
07/06/1990,2.1679
06/06/1990,2.1821
05/06/1990,2.179
04/06/1990,2.1824
01/06/1990,2.1838
31/05/1990,2.1826
30/05/1990,2.19
29/05/1990,2.2075
28/05/1990,2.2035
25/05/1990,2.1977
24/05/1990,2.2131
23/05/1990,2.2142
22/05/1990,2.2061
21/05/1990,2.2065
18/05/1990,2.2136
17/05/1990,2.2153
16/05/1990,2.2003
15/05/1990,2.1893
14/05/1990,2.19
11/05/1990,2.2046
10/05/1990,2.2076
09/05/1990,2.2155
08/05/1990,2.201
07/05/1990,2.2031
04/05/1990,2.1973
03/05/1990,2.1659
02/05/1990,2.1785
01/05/1990,2.2036
30/04/1990,2.1797
27/04/1990,2.172
26/04/1990,2.164
25/04/1990,2.1364
24/04/1990,2.1278
23/04/1990,2.1377
20/04/1990,2.1223
19/04/1990,2.128
18/04/1990,2.1291
17/04/1990,2.1354
16/04/1990,2.132
13/04/1990,2.1379
12/04/1990,2.137
11/04/1990,2.1435
10/04/1990,2.1468
09/04/1990,2.1417
06/04/1990,2.1441
05/04/1990,2.1426
04/04/1990,2.1374
03/04/1990,2.1456
02/04/1990,2.1475
30/03/1990,2.1813
29/03/1990,2.1662
28/03/1990,2.176
27/03/1990,2.1744
26/03/1990,2.1671
23/03/1990,2.1382
22/03/1990,2.1276
21/03/1990,2.1167
20/03/1990,2.112
19/03/1990,2.1335
16/03/1990,2.1458
15/03/1990,2.143
14/03/1990,2.1061
13/03/1990,2.1043
12/03/1990,2.1225
09/03/1990,2.1248
08/03/1990,2.1488
07/03/1990,2.1606
06/03/1990,2.1596
05/03/1990,2.1625
02/03/1990,2.1624
01/03/1990,2.1744
28/02/1990,2.2055
27/02/1990,2.231
26/02/1990,2.202
23/02/1990,2.2279
22/02/1990,2.2435
21/02/1990,2.231
20/02/1990,2.2551
19/02/1990,2.237
16/02/1990,2.2417
15/02/1990,2.24
14/02/1990,2.2665
13/02/1990,2.2522
12/02/1990,2.2477
09/02/1990,2.2556
08/02/1990,2.2414
07/02/1990,2.2339
06/02/1990,2.2203
05/02/1990,2.2128
02/02/1990,2.1701
01/02/1990,2.1795
31/01/1990,2.1691
30/01/1990,2.1738
29/01/1990,2.2009
26/01/1990,2.1566
25/01/1990,2.1801
24/01/1990,2.1584
23/01/1990,2.1289
22/01/1990,2.0573
19/01/1990,2.0734
18/01/1990,2.0639
17/01/1990,2.0796
16/01/1990,2.0921
15/01/1990,2.1003
12/01/1990,2.0941
11/01/1990,2.0948
10/01/1990,2.1052
09/01/1990,2.1057
08/01/1990,2.1036
05/01/1990,2.0854
04/01/1990,2.0718
03/01/1990,2.0575
02/01/1990,2.047
01/01/1990,2.0437
29/12/1989,2.0437
28/12/1989,2.0158
27/12/1989,2.0373
26/12/1989,2.0527
25/12/1989,2.0557
22/12/1989,2.0557
21/12/1989,2.049
20/12/1989,2.0386
19/12/1989,2.0337
18/12/1989,2.0427
15/12/1989,2.0445
14/12/1989,2.0319
13/12/1989,2.0329
12/12/1989,2.044
11/12/1989,2.0284
08/12/1989,2.0074
07/12/1989,2.0161
06/12/1989,2.0081
05/12/1989,2.0037
04/12/1989,2.0019
01/12/1989,2.0022
30/11/1989,1.9968
29/11/1989,2.0065
28/11/1989,1.9887
27/11/1989,1.9855
24/11/1989,1.9888
23/11/1989,1.9951
22/11/1989,2.0103
21/11/1989,2.0148
20/11/1989,1.9893
17/11/1989,1.9994
16/11/1989,2.0141
15/11/1989,2.0121
14/11/1989,2.0227
13/11/1989,2.0064
10/11/1989,2.0027
09/11/1989,2.0038
08/11/1989,2.0175
07/11/1989,2.0248
06/11/1989,2.0115
03/11/1989,2.0173
02/11/1989,2.018
01/11/1989,2.0038
31/10/1989,2.0205
30/10/1989,2.0222
27/10/1989,2.029
26/10/1989,2.0349
25/10/1989,2.0859
24/10/1989,2.0961
23/10/1989,2.0727
20/10/1989,2.0582
19/10/1989,2.0625
18/10/1989,2.0608
17/10/1989,2.0412
16/10/1989,2.058
13/10/1989,2.0505
12/10/1989,2.017
11/10/1989,1.9857
10/10/1989,2.002
09/10/1989,2.011
06/10/1989,2.0485
05/10/1989,2.0669
04/10/1989,2.0293
03/10/1989,2.0578
02/10/1989,2.0775
29/09/1989,2.0816
28/09/1989,2.0808
27/09/1989,2.0636
26/09/1989,2.0468
25/09/1989,2.0397
22/09/1989,2.0084
21/09/1989,2.0341
20/09/1989,2.0391
19/09/1989,2.0229
18/09/1989,2.0206
15/09/1989,2.0128
14/09/1989,2.0052
13/09/1989,2.0104
12/09/1989,2.0194
11/09/1989,2.0212
08/09/1989,2.0105
07/09/1989,2.027
06/09/1989,2.0341
05/09/1989,2.0233
04/09/1989,2.038
01/09/1989,2.0425
31/08/1989,2.0497
30/08/1989,2.0569
29/08/1989,2.0577
28/08/1989,2.0523
25/08/1989,2.0586
24/08/1989,2.0636
23/08/1989,2.0542
22/08/1989,2.0682
21/08/1989,2.0636
18/08/1989,2.0619
17/08/1989,2.0653
16/08/1989,2.0842
15/08/1989,2.0854
14/08/1989,2.0727
11/08/1989,2.0838
10/08/1989,2.1165
09/08/1989,2.1114
08/08/1989,2.1119
07/08/1989,2.0868
04/08/1989,2.1027
03/08/1989,2.1394
02/08/1989,2.1587
01/08/1989,2.1729
31/07/1989,2.1907
28/07/1989,2.2059
27/07/1989,2.2009
26/07/1989,2.1889
25/07/1989,2.1741
24/07/1989,2.166
21/07/1989,2.1594
20/07/1989,2.161
19/07/1989,2.1694
18/07/1989,2.1627
17/07/1989,2.1341
14/07/1989,2.122
13/07/1989,2.1436
12/07/1989,2.1355
11/07/1989,2.1466
10/07/1989,2.1453
07/07/1989,2.1216
06/07/1989,2.1141
05/07/1989,2.102
04/07/1989,2.0799
03/07/1989,2.0582
30/06/1989,2.0503
29/06/1989,2.0458
28/06/1989,2.0549
27/06/1989,2.0405
26/06/1989,2.006
23/06/1989,2.0239
22/06/1989,2.0143
21/06/1989,2.0273
20/06/1989,2.0331
19/06/1989,2.043
16/06/1989,2.0499
15/06/1989,2.0868
14/06/1989,2.0378
13/06/1989,2.0471
12/06/1989,2.0626
09/06/1989,2.0723
08/06/1989,2.0901
07/06/1989,2.0871
06/06/1989,2.0787
05/06/1989,2.0679
02/06/1989,2.1029
01/06/1989,2.0902
31/05/1989,2.0864
30/05/1989,2.1121
29/05/1989,2.1509
26/05/1989,2.1137
25/05/1989,2.0899
24/05/1989,2.0972
23/05/1989,2.0936
22/05/1989,2.1205
19/05/1989,2.118
18/05/1989,2.134
17/05/1989,2.1262
16/05/1989,2.1293
15/05/1989,2.1099
12/05/1989,2.1244
11/05/1989,2.0983
10/05/1989,2.1115
09/05/1989,2.0905
08/05/1989,2.107
05/05/1989,2.0649
04/05/1989,2.1006
03/05/1989,2.1104
02/05/1989,2.119
01/05/1989,2.1183
28/04/1989,2.1279
27/04/1989,2.1266
26/04/1989,2.1269
25/04/1989,2.1446
24/04/1989,2.1557
21/04/1989,2.1576
20/04/1989,2.1443
19/04/1989,2.1328
18/04/1989,2.1422
17/04/1989,2.1054
14/04/1989,2.1033
13/04/1989,2.1022
12/04/1989,2.0927
11/04/1989,2.0954
10/04/1989,2.0994
07/04/1989,2.1044
06/04/1989,2.1074
05/04/1989,2.1359
04/04/1989,2.059
03/04/1989,2.054
31/03/1989,2.0567
30/03/1989,2.0655
29/03/1989,2.0661
28/03/1989,2.0633
27/03/1989,2.0746
24/03/1989,2.0761
23/03/1989,2.078
22/03/1989,2.0971
21/03/1989,2.098
20/03/1989,2.085
17/03/1989,2.083
16/03/1989,2.1017
15/03/1989,2.1429
14/03/1989,2.1313
13/03/1989,2.0817
10/03/1989,2.0925
09/03/1989,2.1026
08/03/1989,2.1095
07/03/1989,2.1256
06/03/1989,2.1175
03/03/1989,2.1143
02/03/1989,2.134
01/03/1989,2.147
28/02/1989,2.1752
27/02/1989,2.177
24/02/1989,2.1261
23/02/1989,2.1242
22/02/1989,2.1238
21/02/1989,2.1531
20/02/1989,2.1504
17/02/1989,2.1519
16/02/1989,2.11
15/02/1989,2.0246
14/02/1989,2.0043
13/02/1989,1.9714
10/02/1989,1.978
09/02/1989,1.9812
08/02/1989,1.9544
07/02/1989,1.9561
06/02/1989,1.9705
03/02/1989,1.9841
02/02/1989,1.9582
01/02/1989,1.9602
31/01/1989,1.9708
30/01/1989,1.9977
27/01/1989,2.0068
26/01/1989,2.0125
25/01/1989,2.0159
24/01/1989,2.0106
23/01/1989,2.0197
20/01/1989,2.0332
19/01/1989,2.0347
18/01/1989,2.026
17/01/1989,2.0571
16/01/1989,2.0459
13/01/1989,2.0359
12/01/1989,2.0567
11/01/1989,2.0661
10/01/1989,2.0495
09/01/1989,2.0477
06/01/1989,2.0732
05/01/1989,2.0672
04/01/1989,2.0722
03/01/1989,2.0981
02/01/1989,2.1169
30/12/1988,2.1169
29/12/1988,2.0911
28/12/1988,2.0924
27/12/1988,2.1174
26/12/1988,2.1127
23/12/1988,2.1127
22/12/1988,2.1042
21/12/1988,2.1209
20/12/1988,2.1112
19/12/1988,2.1455
16/12/1988,2.1475
15/12/1988,2.1338
14/12/1988,2.1679
13/12/1988,2.1549
12/12/1988,2.1514
09/12/1988,2.125
08/12/1988,2.136
07/12/1988,2.1052
06/12/1988,2.1278
05/12/1988,2.1362
02/12/1988,2.139
01/12/1988,2.1118
30/11/1988,2.106
29/11/1988,2.128
28/11/1988,2.1142
25/11/1988,2.1127
24/11/1988,2.1203
23/11/1988,2.1269
22/11/1988,2.1265
21/11/1988,2.1352
18/11/1988,2.125
17/11/1988,2.1147
16/11/1988,2.1529
15/11/1988,2.1204
14/11/1988,2.1166
11/11/1988,2.1196
10/11/1988,2.1274
09/11/1988,2.1454
08/11/1988,2.1256
07/11/1988,2.1448
04/11/1988,2.1286
03/11/1988,2.1545
02/11/1988,2.1613
01/11/1988,2.1494
31/10/1988,2.1427
28/10/1988,2.1469
27/10/1988,2.1433
26/10/1988,2.1416
25/10/1988,2.1471
24/10/1988,2.1417
21/10/1988,2.1451
20/10/1988,2.1524
19/10/1988,2.1415
18/10/1988,2.1646
17/10/1988,2.1535
14/10/1988,2.1702
13/10/1988,2.1584
12/10/1988,2.1554
11/10/1988,2.1354
10/10/1988,2.1169
07/10/1988,2.1305
06/10/1988,2.1322
05/10/1988,2.1443
04/10/1988,2.1528
03/10/1988,2.1684
30/09/1988,2.1599
29/09/1988,2.1501
28/09/1988,2.1548
27/09/1988,2.1402
26/09/1988,2.1371
23/09/1988,2.126
22/09/1988,2.1253
21/09/1988,2.1428
20/09/1988,2.1462
19/09/1988,2.1261
16/09/1988,2.0948
15/09/1988,2.1111
14/09/1988,2.1026
13/09/1988,2.1248
12/09/1988,2.1117
09/09/1988,2.1068
08/09/1988,2.1173
07/09/1988,2.1188
06/09/1988,2.1236
05/09/1988,2.0954
02/09/1988,2.1162
01/09/1988,2.0936
31/08/1988,2.0851
30/08/1988,2.1059
29/08/1988,2.0713
26/08/1988,2.0784
25/08/1988,2.0747
24/08/1988,2.0666
23/08/1988,2.0629
22/08/1988,2.0538
19/08/1988,2.0905
18/08/1988,2.1144
17/08/1988,2.107
16/08/1988,2.1469
15/08/1988,2.1319
12/08/1988,2.1358
11/08/1988,2.113
10/08/1988,2.1245
09/08/1988,2.1068
08/08/1988,2.129
05/08/1988,2.1026
04/08/1988,2.1227
03/08/1988,2.1285
02/08/1988,2.1182
01/08/1988,2.1386
29/07/1988,2.1255
28/07/1988,2.1288
27/07/1988,2.1492
26/07/1988,2.1181
25/07/1988,2.1163
22/07/1988,2.1376
21/07/1988,2.137
20/07/1988,2.1105
19/07/1988,2.1209
18/07/1988,2.1057
15/07/1988,2.0934
14/07/1988,2.1142
13/07/1988,2.1133
12/07/1988,2.1367
11/07/1988,2.138
08/07/1988,2.1274
07/07/1988,2.1359
06/07/1988,2.149
05/07/1988,2.1801
04/07/1988,2.1946
01/07/1988,2.1633
30/06/1988,2.1518
29/06/1988,2.1371
28/06/1988,2.1194
27/06/1988,2.0977
24/06/1988,2.0914
23/06/1988,2.1346
22/06/1988,2.146
21/06/1988,2.1713
20/06/1988,2.1728
17/06/1988,2.1941
16/06/1988,2.2192
15/06/1988,2.237
14/06/1988,2.2218
13/06/1988,2.2523
10/06/1988,2.2529
09/06/1988,2.2543
08/06/1988,2.2556
07/06/1988,2.2808
06/06/1988,2.2798
03/06/1988,2.223
02/06/1988,2.2373
01/06/1988,2.2415
31/05/1988,2.2832
30/05/1988,2.3044
27/05/1988,2.3007
26/05/1988,2.3302
25/05/1988,2.3666
24/05/1988,2.3732
23/05/1988,2.3751
20/05/1988,2.3811
19/05/1988,2.4156
18/05/1988,2.4183
17/05/1988,2.4186
16/05/1988,2.4393
13/05/1988,2.4425
12/05/1988,2.4615
11/05/1988,2.427
10/05/1988,2.4287
09/05/1988,2.4443
06/05/1988,2.4248
05/05/1988,2.4354
04/05/1988,2.4183
03/05/1988,2.456
02/05/1988,2.468
29/04/1988,2.4766
28/04/1988,2.4792
27/04/1988,2.4831
26/04/1988,2.4805
25/04/1988,2.4858
22/04/1988,2.5046
21/04/1988,2.531
20/04/1988,2.5331
19/04/1988,2.5227
18/04/1988,2.5465
15/04/1988,2.5247
14/04/1988,2.52
13/04/1988,2.4744
12/04/1988,2.4869
11/04/1988,2.4911
08/04/1988,2.5313
07/04/1988,2.5339
06/04/1988,2.5341
05/04/1988,2.5341
04/04/1988,2.5555
01/04/1988,2.5582
31/03/1988,2.5535
30/03/1988,2.5482
29/03/1988,2.5408
28/03/1988,2.5228
25/03/1988,2.4754
24/03/1988,2.4885
23/03/1988,2.4774
22/03/1988,2.4772
21/03/1988,2.4757
18/03/1988,2.4826
17/03/1988,2.4922
16/03/1988,2.5267
15/03/1988,2.5414
14/03/1988,2.5388
11/03/1988,2.5342
10/03/1988,2.526
09/03/1988,2.5319
08/03/1988,2.5192
07/03/1988,2.4962
04/03/1988,2.4482
03/03/1988,2.442
02/03/1988,2.4529
01/03/1988,2.4729
29/02/1988,2.4639
26/02/1988,2.4669
25/02/1988,2.4572
24/02/1988,2.4548
23/02/1988,2.4556
22/02/1988,2.452
19/02/1988,2.4417
18/02/1988,2.4361
17/02/1988,2.4499
16/02/1988,2.4482
15/02/1988,2.4548
12/02/1988,2.4438
11/02/1988,2.4653
10/02/1988,2.4765
09/02/1988,2.4587
08/02/1988,2.4711
05/02/1988,2.4621
04/02/1988,2.4797
03/02/1988,2.4713
02/02/1988,2.4888
01/02/1988,2.4778
29/01/1988,2.4784
28/01/1988,2.4913
27/01/1988,2.4885
26/01/1988,2.4794
25/01/1988,2.4766
22/01/1988,2.4886
21/01/1988,2.5115
20/01/1988,2.5159
19/01/1988,2.5025
18/01/1988,2.5227
15/01/1988,2.4916
14/01/1988,2.5571
13/01/1988,2.5564
12/01/1988,2.5717
11/01/1988,2.5635
08/01/1988,2.5686
07/01/1988,2.5701
06/01/1988,2.5501
05/01/1988,2.5427
04/01/1988,2.5901
01/01/1988,2.6104
31/12/1987,2.6104
30/12/1987,2.5777
29/12/1987,2.5804
28/12/1987,2.5923
25/12/1987,2.5658
24/12/1987,2.5658
23/12/1987,2.5542
22/12/1987,2.5716
21/12/1987,2.5685
18/12/1987,2.5479
17/12/1987,2.5539
16/12/1987,2.5694
15/12/1987,2.5526
14/12/1987,2.5606
11/12/1987,2.5876
10/12/1987,2.6005
09/12/1987,2.5662
08/12/1987,2.5708
07/12/1987,2.5702
04/12/1987,2.5763
03/12/1987,2.5661
02/12/1987,2.5783
01/12/1987,2.5747
30/11/1987,2.5888
27/11/1987,2.6092
26/11/1987,2.578
25/11/1987,2.5911
24/11/1987,2.5849
23/11/1987,2.612
20/11/1987,2.566
19/11/1987,2.5603
18/11/1987,2.5504
17/11/1987,2.5389
16/11/1987,2.551
13/11/1987,2.5882
12/11/1987,2.577
11/11/1987,2.6207
10/11/1987,2.6338
09/11/1987,2.6194
06/11/1987,2.6152
05/11/1987,2.624
04/11/1987,2.5819
03/11/1987,2.5854
02/11/1987,2.5607
30/10/1987,2.5477
29/10/1987,2.5187
28/10/1987,2.4443
27/10/1987,2.4194
26/10/1987,2.3651
23/10/1987,2.3413
22/10/1987,2.3096
21/10/1987,2.3182
20/10/1987,2.3104
19/10/1987,2.3201
16/10/1987,2.3092
15/10/1987,2.2942
14/10/1987,2.292
13/10/1987,2.2761
12/10/1987,2.2728
09/10/1987,2.2841
08/10/1987,2.2696
07/10/1987,2.2709
06/10/1987,2.2664
05/10/1987,2.2733
02/10/1987,2.2576
01/10/1987,2.2637
30/09/1987,2.2585
29/09/1987,2.2548
28/09/1987,2.267
25/09/1987,2.2754
24/09/1987,2.2373
23/09/1987,2.2539
22/09/1987,2.2287
21/09/1987,2.2358
18/09/1987,2.2533
17/09/1987,2.2446
16/09/1987,2.2411
15/09/1987,2.2525
14/09/1987,2.2415
11/09/1987,2.268
10/09/1987,2.2648
09/09/1987,2.2641
08/09/1987,2.2896
07/09/1987,2.2802
04/09/1987,2.2947
03/09/1987,2.3004
02/09/1987,2.2938
01/09/1987,2.2887
31/08/1987,2.292
28/08/1987,2.2925
27/08/1987,2.2854
26/08/1987,2.264
25/08/1987,2.2654
24/08/1987,2.2829
21/08/1987,2.2844
20/08/1987,2.272
19/08/1987,2.2537
18/08/1987,2.2823
17/08/1987,2.2396
14/08/1987,2.252
13/08/1987,2.2471
12/08/1987,2.2461
11/08/1987,2.2386
10/08/1987,2.2413
07/08/1987,2.2378
06/08/1987,2.2482
05/08/1987,2.2521
04/08/1987,2.2451
03/08/1987,2.2628
31/07/1987,2.28
30/07/1987,2.2846
29/07/1987,2.2825
28/07/1987,2.2745
27/07/1987,2.2583
24/07/1987,2.2673
23/07/1987,2.2654
22/07/1987,2.2487
21/07/1987,2.2564
20/07/1987,2.2666
17/07/1987,2.2609
16/07/1987,2.2932
15/07/1987,2.3155
14/07/1987,2.2868
13/07/1987,2.2718
10/07/1987,2.2786
09/07/1987,2.2814
08/07/1987,2.2902
07/07/1987,2.2823
06/07/1987,2.2646
03/07/1987,2.2408
02/07/1987,2.2431
01/07/1987,2.24
30/06/1987,2.2391
29/06/1987,2.224
26/06/1987,2.2387
25/06/1987,2.2428
24/06/1987,2.2625
23/06/1987,2.2307
22/06/1987,2.215
19/06/1987,2.2385
18/06/1987,2.258
17/06/1987,2.2685
16/06/1987,2.2764
15/06/1987,2.2787
12/06/1987,2.305
11/06/1987,2.3203
10/06/1987,2.316
09/06/1987,2.3228
08/06/1987,2.2951
05/06/1987,2.2846
04/06/1987,2.2677
03/06/1987,2.2921
02/06/1987,2.3018
01/06/1987,2.2742
29/05/1987,2.2832
28/05/1987,2.2782
27/05/1987,2.2616
26/05/1987,2.2732
25/05/1987,2.3298
22/05/1987,2.321
21/05/1987,2.3223
20/05/1987,2.3378
19/05/1987,2.3423
18/05/1987,2.3409
15/05/1987,2.3499
14/05/1987,2.3541
13/05/1987,2.3427
12/05/1987,2.3303
11/05/1987,2.3287
08/05/1987,2.3485
07/05/1987,2.3645
06/05/1987,2.3693
05/05/1987,2.3872
04/05/1987,2.387
01/05/1987,2.371
30/04/1987,2.356
29/04/1987,2.3472
28/04/1987,2.3422
27/04/1987,2.3387
24/04/1987,2.3391
23/04/1987,2.3014
22/04/1987,2.3059
21/04/1987,2.3107
20/04/1987,2.2824
17/04/1987,2.28
16/04/1987,2.2814
15/04/1987,2.2499
14/04/1987,2.2665
13/04/1987,2.2536
10/04/1987,2.2727
09/04/1987,2.2692
08/04/1987,2.2706
07/04/1987,2.2848
06/04/1987,2.2733
03/04/1987,2.2685
02/04/1987,2.2853
01/04/1987,2.2727
31/03/1987,2.2785
30/03/1987,2.2847
27/03/1987,2.3022
26/03/1987,2.3171
25/03/1987,2.3078
24/03/1987,2.3192
23/03/1987,2.3534
20/03/1987,2.3403
19/03/1987,2.3495
18/03/1987,2.3313
17/03/1987,2.324
16/03/1987,2.3232
13/03/1987,2.2952
12/03/1987,2.3082
11/03/1987,2.3264
10/03/1987,2.3151
09/03/1987,2.3401
06/03/1987,2.3433
05/03/1987,2.3254
04/03/1987,2.3027
03/03/1987,2.305
02/03/1987,2.2987
27/02/1987,2.291
26/02/1987,2.2865
25/02/1987,2.2831
24/02/1987,2.3036
23/02/1987,2.3205
20/02/1987,2.3034
19/02/1987,2.293
18/02/1987,2.3036
17/02/1987,2.3123
16/02/1987,2.3111
13/02/1987,2.2902
12/02/1987,2.2808
11/02/1987,2.2868
10/02/1987,2.3111
09/02/1987,2.2726
06/02/1987,2.2525
05/02/1987,2.2632
04/02/1987,2.2776
03/02/1987,2.3036
02/02/1987,2.3071
30/01/1987,2.2912
29/01/1987,2.3239
28/01/1987,2.3238
27/01/1987,2.3191
26/01/1987,2.3073
23/01/1987,2.2975
22/01/1987,2.3219
21/01/1987,2.2957
20/01/1987,2.2902
19/01/1987,2.3431
16/01/1987,2.3308
15/01/1987,2.3202
14/01/1987,2.3432
13/01/1987,2.2573
12/01/1987,2.2383
09/01/1987,2.2169
08/01/1987,2.2187
07/01/1987,2.2119
06/01/1987,2.2188
05/01/1987,2.2025
02/01/1987,2.2325
01/01/1987,2.23
31/12/1986,2.23
30/12/1986,2.2109
29/12/1986,2.2176
26/12/1986,2.2098
25/12/1986,2.2105
24/12/1986,2.2105
23/12/1986,2.1702
22/12/1986,2.1362
19/12/1986,2.1509
18/12/1986,2.1521
17/12/1986,2.1549
16/12/1986,2.1525
15/12/1986,2.1648
12/12/1986,2.1662
11/12/1986,2.1616
10/12/1986,2.1845
09/12/1986,2.1803
08/12/1986,2.1731
05/12/1986,2.1866
04/12/1986,2.1864
03/12/1986,2.1956
02/12/1986,2.2042
01/12/1986,2.2044
28/11/1986,2.2095
27/11/1986,2.2047
26/11/1986,2.2003
25/11/1986,2.1992
24/11/1986,2.1944
21/11/1986,2.2052
20/11/1986,2.1888
19/11/1986,2.2012
18/11/1986,2.2161
17/11/1986,2.2212
14/11/1986,2.2158
13/11/1986,2.2075
12/11/1986,2.2144
11/11/1986,2.2285
10/11/1986,2.222
07/11/1986,2.2174
06/11/1986,2.2293
05/11/1986,2.2162
04/11/1986,2.2061
03/11/1986,2.2058
31/10/1986,2.1893
30/10/1986,2.1826
29/10/1986,2.1945
28/10/1986,2.2065
27/10/1986,2.1994
24/10/1986,2.1923
23/10/1986,2.2146
22/10/1986,2.2426
21/10/1986,2.2536
20/10/1986,2.2474
17/10/1986,2.2469
16/10/1986,2.2422
15/10/1986,2.2356
14/10/1986,2.2464
13/10/1986,2.2511
10/10/1986,2.2476
09/10/1986,2.2302
08/10/1986,2.2341
07/10/1986,2.2512
06/10/1986,2.265
03/10/1986,2.2788
02/10/1986,2.2776
01/10/1986,2.2924
30/09/1986,2.306
29/09/1986,2.2789
26/09/1986,2.2831
25/09/1986,2.2709
24/09/1986,2.2899
23/09/1986,2.2937
22/09/1986,2.3244
19/09/1986,2.357
18/09/1986,2.3578
17/09/1986,2.3725
16/09/1986,2.3608
15/09/1986,2.3674
12/09/1986,2.3872
11/09/1986,2.3828
10/09/1986,2.4208
09/09/1986,2.4229
08/09/1986,2.4155
05/09/1986,2.4333
04/09/1986,2.4479
03/09/1986,2.4606
02/09/1986,2.4445
01/09/1986,2.4405
29/08/1986,2.4454
28/08/1986,2.4314
27/08/1986,2.4388
26/08/1986,2.4416
25/08/1986,2.4418
22/08/1986,2.4413
21/08/1986,2.4479
20/08/1986,2.4435
19/08/1986,2.3886
18/08/1986,2.3835
15/08/1986,2.3832
14/08/1986,2.4356
13/08/1986,2.4202
12/08/1986,2.4464
11/08/1986,2.4529
08/08/1986,2.4183
07/08/1986,2.4059
06/08/1986,2.3971
05/08/1986,2.4249
04/08/1986,2.431
01/08/1986,2.4668
31/07/1986,2.4941
30/07/1986,2.4482
29/07/1986,2.4413
28/07/1986,2.4552
25/07/1986,2.4299
24/07/1986,2.4356
23/07/1986,2.3769
22/07/1986,2.3362
21/07/1986,2.3385
18/07/1986,2.3548
17/07/1986,2.3825
16/07/1986,2.3686
15/07/1986,2.3199
14/07/1986,2.3039
11/07/1986,2.3611
10/07/1986,2.3728
09/07/1986,2.4183
08/07/1986,2.4344
07/07/1986,2.3804
04/07/1986,2.3961
03/07/1986,2.4358
02/07/1986,2.3274
01/07/1986,2.3315
30/06/1986,2.2623
27/06/1986,2.278
26/06/1986,2.2632
25/06/1986,2.2787
24/06/1986,2.2265
23/06/1986,2.1951
20/06/1986,2.1618
19/06/1986,2.1667
18/06/1986,2.1626
17/06/1986,2.1567
16/06/1986,2.1942
13/06/1986,2.2029
12/06/1986,2.214
11/06/1986,2.1927
10/06/1986,2.1946
09/06/1986,2.1716
06/06/1986,2.1811
05/06/1986,2.1328
04/06/1986,2.1193
03/06/1986,2.1079
02/06/1986,2.0807
30/05/1986,2.0546
29/05/1986,2.0697
28/05/1986,2.0792
27/05/1986,2.086
26/05/1986,2.0799
23/05/1986,2.0846
22/05/1986,2.0946
21/05/1986,2.0917
20/05/1986,2.0886
19/05/1986,2.103
16/05/1986,2.127
15/05/1986,2.1439
14/05/1986,2.161
13/05/1986,2.0721
12/05/1986,2.0738
09/05/1986,2.0777
08/05/1986,2.084
07/05/1986,2.0924
06/05/1986,2.0724
05/05/1986,2.0875
02/05/1986,2.0778
01/05/1986,2.0808
30/04/1986,2.0985
29/04/1986,2.1024
28/04/1986,2.1048
25/04/1986,2.1197
24/04/1986,2.1057
23/04/1986,2.0844
22/04/1986,2.0946
21/04/1986,2.0928
18/04/1986,2.1234
17/04/1986,2.1315
16/04/1986,2.1043
15/04/1986,2.076
14/04/1986,2.0701
11/04/1986,2.0649
10/04/1986,2.0435
09/04/1986,2.0337
08/04/1986,2.0302
07/04/1986,2.026
04/04/1986,2.0189
03/04/1986,2.0341
02/04/1986,2.0312
01/04/1986,2.0568
31/03/1986,2.0698
28/03/1986,2.0705
27/03/1986,2.0841
26/03/1986,2.0563
25/03/1986,2.0241
24/03/1986,2.0732
21/03/1986,2.1056
20/03/1986,2.0909
19/03/1986,2.081
18/03/1986,2.0729
17/03/1986,2.0787
14/03/1986,2.0771
13/03/1986,2.072
12/03/1986,2.0803
11/03/1986,2.0686
10/03/1986,2.0541
07/03/1986,2.0723
06/03/1986,2.081
05/03/1986,2.064
04/03/1986,2.0909
03/03/1986,2.0705
28/02/1986,2.0622
27/02/1986,2.0913
26/02/1986,2.0993
25/02/1986,2.1082
24/02/1986,2.0846
21/02/1986,2.0635
20/02/1986,2.051
19/02/1986,2.0527
18/02/1986,2.0486
17/02/1986,2.027
14/02/1986,2.0227
13/02/1986,2.0606
12/02/1986,2.052
11/02/1986,2.0443
10/02/1986,2.0328
07/02/1986,2.0196
06/02/1986,2.0044
05/02/1986,2.0065
04/02/1986,1.9773
03/02/1986,1.9593
31/01/1986,1.9734
30/01/1986,1.9756
29/01/1986,1.9654
28/01/1986,1.9742
27/01/1986,1.9632
24/01/1986,1.9667
23/01/1986,1.9475
22/01/1986,1.9738
21/01/1986,2.0124
20/01/1986,2.0645
17/01/1986,2.0592
16/01/1986,2.0619
15/01/1986,2.0844
14/01/1986,2.0894
13/01/1986,2.0802
10/01/1986,2.1037
09/01/1986,2.0984
08/01/1986,2.0981
07/01/1986,2.1107
06/01/1986,2.1082
03/01/1986,2.1036
02/01/1986,2.1234
01/01/1986,2.1222
31/12/1985,2.1222
30/12/1985,2.1094
27/12/1985,2.1118
26/12/1985,2.0996
25/12/1985,2.0967
24/12/1985,2.0967
23/12/1985,2.0996
20/12/1985,2.0885
19/12/1985,2.0863
18/12/1985,2.0884
17/12/1985,2.1135
16/12/1985,2.1081
13/12/1985,2.1005
12/12/1985,2.1045
11/12/1985,2.0702
10/12/1985,2.1118
09/12/1985,2.1478
06/12/1985,2.1759
05/12/1985,2.1649
04/12/1985,2.1875
03/12/1985,2.1821
02/12/1985,2.176
29/11/1985,2.1737
28/11/1985,2.15
27/11/1985,2.1344
26/11/1985,2.1302
25/11/1985,2.1032
22/11/1985,2.1287
21/11/1985,2.1183
20/11/1985,2.1076
19/11/1985,2.1283
18/11/1985,2.1219
15/11/1985,2.1178
14/11/1985,2.1199
13/11/1985,2.1519
12/11/1985,2.146
11/11/1985,2.1135
08/11/1985,2.1019
07/11/1985,2.1126
06/11/1985,2.1731
05/11/1985,2.1381
04/11/1985,2.0886
01/11/1985,2.0603
31/10/1985,2.0573
30/10/1985,2.0533
29/10/1985,2.0497
28/10/1985,2.0375
25/10/1985,2.0326
24/10/1985,2.0309
23/10/1985,2.0429
22/10/1985,2.0377
21/10/1985,2.0348
18/10/1985,2.0327
17/10/1985,2.0197
16/10/1985,2.0139
15/10/1985,2.0134
14/10/1985,2.0078
11/10/1985,2.0073
10/10/1985,2.0169
09/10/1985,2.0188
08/10/1985,2.004
07/10/1985,2.0064
04/10/1985,1.9731
03/10/1985,2.0121
02/10/1985,1.9841
01/10/1985,2.0038
30/09/1985,1.9902
27/09/1985,1.9687
26/09/1985,2.0059
25/09/1985,2.0286
24/09/1985,2.0105
23/09/1985,2.0328
20/09/1985,2.0082
19/09/1985,1.9732
18/09/1985,1.9586
17/09/1985,1.9601
16/09/1985,1.9732
13/09/1985,1.9899
12/09/1985,1.9606
11/09/1985,1.9431
10/09/1985,1.9562
09/09/1985,1.9283
06/09/1985,1.9253
05/09/1985,1.9771
04/09/1985,2.005
03/09/1985,1.9887
02/09/1985,1.9917
30/08/1985,1.9775
29/08/1985,1.9902
28/08/1985,1.9976
27/08/1985,1.9824
26/08/1985,1.9984
23/08/1985,1.9881
22/08/1985,1.9945
21/08/1985,1.9743
20/08/1985,1.9711
19/08/1985,1.9852
16/08/1985,1.9981
15/08/1985,1.9803
14/08/1985,1.9565
13/08/1985,1.9483
12/08/1985,1.9339
09/08/1985,1.9239
08/08/1985,1.9268
07/08/1985,1.909
06/08/1985,1.8862
05/08/1985,1.9073
02/08/1985,1.9218
01/08/1985,1.9064
31/07/1985,1.9406
30/07/1985,1.9806
29/07/1985,1.9952
26/07/1985,1.996
25/07/1985,2.0016
24/07/1985,1.9604
23/07/1985,1.9737
22/07/1985,1.9573
19/07/1985,1.9632
18/07/1985,1.9624
17/07/1985,2.0014
16/07/1985,1.9613
15/07/1985,1.9683
12/07/1985,1.9857
11/07/1985,1.987
10/07/1985,2.0293
09/07/1985,2.0038
08/07/1985,1.9845
05/07/1985,1.9741
04/07/1985,1.9631
03/07/1985,1.9684
02/07/1985,1.9556
01/07/1985,1.9533
28/06/1985,1.9677
27/06/1985,1.9321
26/06/1985,1.942
25/06/1985,1.9323
24/06/1985,1.9403
21/06/1985,1.931
20/06/1985,1.9181
19/06/1985,1.9485
18/06/1985,1.9658
17/06/1985,1.9335
14/06/1985,1.9268
13/06/1985,1.9051
12/06/1985,1.8903
11/06/1985,1.9054
10/06/1985,1.8951
07/06/1985,1.9117
06/06/1985,1.9214
05/06/1985,1.911
04/06/1985,1.926
03/06/1985,1.956
31/05/1985,1.9544
30/05/1985,1.915
29/05/1985,1.921
28/05/1985,1.9092
27/05/1985,1.8905
24/05/1985,1.8488
23/05/1985,1.8466
22/05/1985,1.8238
21/05/1985,1.8366
20/05/1985,1.8493
17/05/1985,1.8576
16/05/1985,1.8474
15/05/1985,1.8205
14/05/1985,1.8115
13/05/1985,1.8018
10/05/1985,1.7911
09/05/1985,1.7861
08/05/1985,1.7672
07/05/1985,1.8366
06/05/1985,1.7851
03/05/1985,1.8246
02/05/1985,1.8777
01/05/1985,1.8814
30/04/1985,1.9025
29/04/1985,1.8693
26/04/1985,1.8579
25/04/1985,1.8332
24/04/1985,1.8736
23/04/1985,1.967
22/04/1985,2.026
19/04/1985,2.0219
18/04/1985,2.0258
17/04/1985,1.9158
16/04/1985,1.9081
15/04/1985,1.923
12/04/1985,1.8718
11/04/1985,1.8708
10/04/1985,1.8304
09/04/1985,1.8155
08/04/1985,1.8336
05/04/1985,1.8298
04/04/1985,1.8221
03/04/1985,1.8252
02/04/1985,1.7964
01/04/1985,1.744
29/03/1985,1.7529
28/03/1985,1.7367
27/03/1985,1.7606
26/03/1985,1.6988
25/03/1985,1.6839
22/03/1985,1.6755
21/03/1985,1.7131
20/03/1985,1.6356
19/03/1985,1.6395
18/03/1985,1.6071
15/03/1985,1.5827
14/03/1985,1.5678
13/03/1985,1.5594
12/03/1985,1.5492
11/03/1985,1.5657
08/03/1985,1.5423
07/03/1985,1.5501
06/03/1985,1.5682
05/03/1985,1.5144
04/03/1985,1.5059
01/03/1985,1.5178
28/02/1985,1.5116
27/02/1985,1.5591
26/02/1985,1.5029
25/02/1985,1.4989
22/02/1985,1.513
21/02/1985,1.533
20/02/1985,1.5781
19/02/1985,1.5361
18/02/1985,1.4798
15/02/1985,1.4882
14/02/1985,1.4735
13/02/1985,1.4666
12/02/1985,1.4609
11/02/1985,1.4334
08/02/1985,1.4304
07/02/1985,1.4537
06/02/1985,1.4252
05/02/1985,1.4157
04/02/1985,1.4036
01/02/1985,1.3825
31/01/1985,1.3871
30/01/1985,1.3814
29/01/1985,1.3636
28/01/1985,1.3654
25/01/1985,1.3641
24/01/1985,1.374
23/01/1985,1.3668
22/01/1985,1.3831
21/01/1985,1.3704
18/01/1985,1.3693
17/01/1985,1.3651
16/01/1985,1.3644
15/01/1985,1.3698
14/01/1985,1.3521
11/01/1985,1.3677
10/01/1985,1.387
09/01/1985,1.4088
08/01/1985,1.4069
07/01/1985,1.4087
04/01/1985,1.4089
03/01/1985,1.4234
02/01/1985,1.4012
01/01/1985,1.3989
31/12/1984,1.3989
28/12/1984,1.4049
27/12/1984,1.4001
26/12/1984,1.4024
25/12/1984,1.4048
24/12/1984,1.4048
21/12/1984,1.4085
20/12/1984,1.401
19/12/1984,1.4061
18/12/1984,1.4198
17/12/1984,1.4209
14/12/1984,1.4202
13/12/1984,1.4067
12/12/1984,1.4139
11/12/1984,1.4203
10/12/1984,1.4264
07/12/1984,1.4149
06/12/1984,1.418
05/12/1984,1.4137
04/12/1984,1.4149
03/12/1984,1.3955
30/11/1984,1.3925
29/11/1984,1.3968
28/11/1984,1.4003
27/11/1984,1.4135
26/11/1984,1.4042
23/11/1984,1.4222
22/11/1984,1.4278
21/11/1984,1.4328
20/11/1984,1.4401
19/11/1984,1.4515
16/11/1984,1.461
15/11/1984,1.4675
14/11/1984,1.4647
13/11/1984,1.473
12/11/1984,1.463
09/11/1984,1.4614
08/11/1984,1.4685
07/11/1984,1.4726
06/11/1984,1.4714
05/11/1984,1.4726
02/11/1984,1.4579
01/11/1984,1.4502
31/10/1984,1.4357
30/10/1984,1.4397
29/10/1984,1.4349
26/10/1984,1.4397
25/10/1984,1.447
24/10/1984,1.4486
23/10/1984,1.4466
22/10/1984,1.4356
19/10/1984,1.4299
18/10/1984,1.4275
17/10/1984,1.4468
16/10/1984,1.4502
15/10/1984,1.4569
12/10/1984,1.4717
11/10/1984,1.4741
10/10/1984,1.4829
09/10/1984,1.473
08/10/1984,1.4843
05/10/1984,1.4843
04/10/1984,1.4974
03/10/1984,1.4996
02/10/1984,1.4918
01/10/1984,1.4902
28/09/1984,1.4814
27/09/1984,1.4962
26/09/1984,1.4973
25/09/1984,1.4811
24/09/1984,1.4977
21/09/1984,1.5031
20/09/1984,1.4691
19/09/1984,1.4866
18/09/1984,1.4859
17/09/1984,1.4995
14/09/1984,1.5207
13/09/1984,1.5225
12/09/1984,1.53
11/09/1984,1.5282
10/09/1984,1.5418
07/09/1984,1.5335
06/09/1984,1.5424
05/09/1984,1.54
04/09/1984,1.535
03/09/1984,1.5464
31/08/1984,1.5404
30/08/1984,1.5389
29/08/1984,1.5418
28/08/1984,1.5423
27/08/1984,1.5341
24/08/1984,1.524
23/08/1984,1.5358
22/08/1984,1.533
21/08/1984,1.539
20/08/1984,1.5429
17/08/1984,1.5601
16/08/1984,1.5719
15/08/1984,1.5658
14/08/1984,1.5684
13/08/1984,1.5523
10/08/1984,1.5556
09/08/1984,1.555
08/08/1984,1.5599
07/08/1984,1.5581
06/08/1984,1.5553
03/08/1984,1.5833
02/08/1984,1.5688
01/08/1984,1.5665
31/07/1984,1.5751
30/07/1984,1.5795
27/07/1984,1.5629
26/07/1984,1.5839
25/07/1984,1.6074
24/07/1984,1.6086
23/07/1984,1.6017
20/07/1984,1.5929
19/07/1984,1.6021
18/07/1984,1.5883
17/07/1984,1.5799
16/07/1984,1.5799
13/07/1984,1.5756
12/07/1984,1.5821
11/07/1984,1.5953
10/07/1984,1.576
09/07/1984,1.5648
06/07/1984,1.5665
05/07/1984,1.5473
04/07/1984,1.5616
03/07/1984,1.5595
02/07/1984,1.5767
29/06/1984,1.5761
28/06/1984,1.5701
27/06/1984,1.5608
26/06/1984,1.5794
25/06/1984,1.5788
22/06/1984,1.5728
21/06/1984,1.5605
20/06/1984,1.5447
19/06/1984,1.5597
18/06/1984,1.5573
15/06/1984,1.5525
14/06/1984,1.5499
13/06/1984,1.5474
12/06/1984,1.5434
11/06/1984,1.545
08/06/1984,1.5511
07/06/1984,1.5568
06/06/1984,1.5675
05/06/1984,1.5488
04/06/1984,1.548
01/06/1984,1.5601
31/05/1984,1.5408
30/05/1984,1.5429
29/05/1984,1.5442
28/05/1984,1.5385
25/05/1984,1.5334
24/05/1984,1.534
23/05/1984,1.524
22/05/1984,1.5454
21/05/1984,1.5599
18/05/1984,1.553
17/05/1984,1.5487
16/05/1984,1.5455
15/05/1984,1.5432
14/05/1984,1.5451
11/05/1984,1.5304
10/05/1984,1.5292
09/05/1984,1.5294
08/05/1984,1.5119
07/05/1984,1.5063
04/05/1984,1.5189
03/05/1984,1.5179
02/05/1984,1.5119
01/05/1984,1.5144
30/04/1984,1.5194
27/04/1984,1.5212
26/04/1984,1.5247
25/04/1984,1.5329
24/04/1984,1.5282
23/04/1984,1.5336
20/04/1984,1.5341
19/04/1984,1.536
18/04/1984,1.5374
17/04/1984,1.5427
16/04/1984,1.5478
13/04/1984,1.5575
12/04/1984,1.5492
11/04/1984,1.5605
10/04/1984,1.57
09/04/1984,1.5634
06/04/1984,1.5569
05/04/1984,1.5279
04/04/1984,1.5251
03/04/1984,1.5247
02/04/1984,1.5263
30/03/1984,1.5374
29/03/1984,1.5494
28/03/1984,1.5415
27/03/1984,1.5272
26/03/1984,1.5258
23/03/1984,1.5285
22/03/1984,1.5187
21/03/1984,1.4983
20/03/1984,1.5032
19/03/1984,1.5134
16/03/1984,1.4969
15/03/1984,1.5135
14/03/1984,1.52
13/03/1984,1.5264
12/03/1984,1.5223
09/03/1984,1.5351
08/03/1984,1.5294
07/03/1984,1.5412
06/03/1984,1.5539
05/03/1984,1.5613
02/03/1984,1.5702
01/03/1984,1.5665
29/02/1984,1.5808
28/02/1984,1.58
27/02/1984,1.5627
24/02/1984,1.5599
23/02/1984,1.5423
22/02/1984,1.5471
21/02/1984,1.5412
20/02/1984,1.5332
17/02/1984,1.535
16/02/1984,1.5279
15/02/1984,1.5398
14/02/1984,1.5312
13/02/1984,1.5181
10/02/1984,1.5196
09/02/1984,1.5286
08/02/1984,1.5278
07/02/1984,1.531
06/02/1984,1.5418
03/02/1984,1.5487
02/02/1984,1.543
01/02/1984,1.5321
31/01/1984,1.5267
30/01/1984,1.5413
27/01/1984,1.5371
26/01/1984,1.5473
25/01/1984,1.5423
24/01/1984,1.543
23/01/1984,1.5557
20/01/1984,1.5535
19/01/1984,1.5782
18/01/1984,1.5676
17/01/1984,1.562
16/01/1984,1.5706
13/01/1984,1.558
12/01/1984,1.5445
11/01/1984,1.5378
10/01/1984,1.5479
09/01/1984,1.5444
06/01/1984,1.5593
05/01/1984,1.5715
04/01/1984,1.5751
03/01/1984,1.583
02/01/1984,1.6092
30/12/1983,1.6092
29/12/1983,1.6218
28/12/1983,1.5982
27/12/1983,1.5902
26/12/1983,1.5897
23/12/1983,1.5897
22/12/1983,1.5847
21/12/1983,1.5974
20/12/1983,1.6134
19/12/1983,1.6171
16/12/1983,1.5849
15/12/1983,1.5833
14/12/1983,1.5722
13/12/1983,1.5721
